{
	"bomFormat": "CycloneDX",
	"specVersion": "1.4",
	"version": 1,
	"serialNumber": "urn:uuid:3f1ed2d0-4266-4da9-bb6f-1ca73b64f99f",
	"metadata": {
		"timestamp": "2022-05-04T11:50:31+00:00",
		"tools": [{
			"vendor": "Micro Focus",
			"name": "Debricked",
			"version": "1.0.1",
			"component": "component",
			"supplier": "tenant\/company_name"
		}]
	},
	"components": [{
		"type": "library",
		"description": "description",
		"cpe": "cpe:2.3:a:python:python:3.6.6::*:*:*:*:*:*",
		"purl": "pkg:composer\/python\/python@3.6.6",
		"name": "python (Composer)",
		"version": "3.6.6",
		"bom-ref": "cpe:2.3:a:python:python:3.6.6::*:*:*:*:*:*",
		"licenses": []
	}, {
		"cpe": "cpe:2.3:a:com.fasterxml.jackson.core:jackson-databind:~:~:~:~:~:~:~:~",
		"purl": "pkg:maven\/com.fasterxml.jackson.core\/jackson-databind@~",
		"name": "",
		"version": "",
		"bom-ref": "21402",
		"licenses": []
	}, {
		"cpe": "cpe:2.3:a:com.fasterxml.jackson.core:jackson-databind:2.10.0:~:~:~:~:~:~:~",
		"purl": "pkg:maven\/com.fasterxml.jackson.core\/jackson-databind@2.10.0",
		"name": "",
		"version": "2.10.0",
		"bom-ref": "21405",
		"licenses": []
	}, {
		"cpe": "cpe:2.3:a:seq:seq:0.3.5:~:~:~:~:~:~:~",
		"purl": "pkg:maven\/seq\/seq@0.3.5",
		"name": "",
		"version": "0.3.5",
		"bom-ref": "20722",
		"licenses": []
	}, {
		"cpe": "cpe:2.3:a:brace-expansion:brace-expansion:1.0.11:~:~:~:~:~:~:~",
		"purl": "pkg:maven\/brace-expansion\/brace-expansion@1.0.11",
		"name": "",
		"version": "1.0.11",
		"bom-ref": "21633",
		"licenses": []
	}, {
		"cpe": "cpe:2.3:a:brace-expansion:brace-expansion:1.1.11:~:~:~:~:~:~:~",
		"purl": "pkg:maven\/brace-expansion\/brace-expansion@1.1.11",
		"name": "",
		"version": "1.1.11",
		"bom-ref": "21641",
		"licenses": []
	}, {
		"cpe": "cpe:2.3:a:brace-expansion:brace-expansion:1.4.3:~:~:~:~:~:~:~",
		"purl": "pkg:maven\/brace-expansion\/brace-expansion@1.4.3",
		"name": "",
		"version": "1.4.3",
		"bom-ref": "21642",
		"licenses": []
	}, {
		"cpe": "cpe:2.3:a:brace-expansion:brace-expansion:2.5.0:~:~:~:~:~:~:~",
		"purl": "pkg:maven\/brace-expansion\/brace-expansion@2.5.0",
		"name": "",
		"version": "2.5.0",
		"bom-ref": "21643",
		"licenses": []
	}, {
		"cpe": "cpe:2.3:a:extend:extend:3.0.0:~:~:~:~:~:~:~",
		"purl": "pkg:maven\/extend\/extend@3.0.0",
		"name": "",
		"version": "3.0.0",
		"bom-ref": "21215",
		"licenses": []
	}, {
		"cpe": "cpe:2.3:a:extend:extend:3.0.1:~:~:~:~:~:~:~",
		"purl": "pkg:maven\/extend\/extend@3.0.1",
		"name": "",
		"version": "3.0.1",
		"bom-ref": "21219",
		"licenses": []
	}, {
		"cpe": "cpe:2.3:a:extend:extend:3.0.2:~:~:~:~:~:~:~",
		"purl": "pkg:maven\/extend\/extend@3.0.2",
		"name": "",
		"version": "3.0.2",
		"bom-ref": "21223",
		"licenses": []
	}, {
		"cpe": "cpe:2.3:o:linux:linux-kernel:4.14.1:~:~:~:~:~:~:~",
		"purl": "pkg:maven\/linux\/linux-kernel@4.14.1",
		"name": "",
		"version": "4.14.1",
		"bom-ref": "21825",
		"licenses": []
	}, {
		"cpe": "cpe:2.3:o:linux:linux-kernel:5.1.5:~:~:~:~:~:~:~",
		"purl": "pkg:maven\/linux\/linux-kernel@5.1.5",
		"name": "",
		"version": "5.1.5",
		"bom-ref": "21826",
		"licenses": []
	}, {
		"cpe": "cpe:2.3:o:linux:linux-kernel:5.2.9:~:~:~:~:~:~:~",
		"purl": "pkg:maven\/linux\/linux-kernel@5.2.9",
		"name": "",
		"version": "5.2.9",
		"bom-ref": "21828",
		"licenses": []
	}, {
		"cpe": "cpe:2.3:o:redhat:enterprise_linux_desktop:6.0:~:~:~:~:~:~:~",
		"purl": "pkg:maven\/redhat\/enterprise_linux_desktop@6.0",
		"name": "",
		"version": "6.0",
		"bom-ref": "21832",
		"licenses": []
	}, {
		"cpe": "cpe:2.3:a:cryptiles_project:cryptiles:2.0.5:~:~:~:~:~:~:~",
		"purl": "pkg:maven\/cryptiles_project\/cryptiles@2.0.5",
		"name": "",
		"version": "2.0.5",
		"bom-ref": "21871",
		"licenses": []
	}, {
		"cpe": "cpe:2.3:a:minimatch:minimatch:3.0.3:~:~:~:~:~:~:~",
		"purl": "pkg:maven\/minimatch\/minimatch@3.0.3",
		"name": "",
		"version": "3.0.3",
		"bom-ref": "21492",
		"licenses": []
	}, {
		"cpe": "cpe:2.3:a:minimatch:minimatch:3.0.4:~:~:~:~:~:~:~",
		"purl": "pkg:maven\/minimatch\/minimatch@3.0.4",
		"name": "",
		"version": "3.0.4",
		"bom-ref": "21496",
		"licenses": []
	}, {
		"cpe": "cpe:2.3:a:wavpack:wavpack:5.1.0:~:~:~:~:~:~:~",
		"purl": "pkg:maven\/wavpack\/wavpack@5.1.0",
		"name": "",
		"version": "5.1.0",
		"bom-ref": "21837",
		"licenses": []
	}, {
		"cpe": "cpe:2.3:a:json-iterator:go:1.1.6:~:~:~:~:~:~:~",
		"purl": "pkg:maven\/json-iterator\/go@1.1.6",
		"name": "",
		"version": "1.1.6",
		"bom-ref": "21805",
		"licenses": []
	}, {
		"cpe": "cpe:2.3:a:boltdb:bolt:1.3.1:~:~:~:~:~:~:~",
		"purl": "pkg:maven\/boltdb\/bolt@1.3.1",
		"name": "",
		"version": "1.3.1",
		"bom-ref": "21811",
		"licenses": []
	}, {
		"cpe": "cpe:2.3:a:x:image:~:~:~:~:~:~:~:~",
		"purl": "pkg:maven\/x\/image@~",
		"name": "",
		"version": "",
		"bom-ref": "21818",
		"licenses": []
	}, {
		"cpe": "cpe:2.3:a:nuget:core:2.5.0:~:~:~:~:~:~:~",
		"purl": "pkg:maven\/nuget\/core@2.5.0",
		"name": "",
		"version": "2.5.0",
		"bom-ref": "21417",
		"licenses": []
	}, {
		"cpe": "cpe:2.3::~:jszip:3.2.2:~:~:~:~:~:~:~",
		"purl": "pkg:maven\/~\/jszip@3.2.2",
		"name": "jszip",
		"version": "3.2.2",
		"bom-ref": "22244",
		"licenses": [{
			"id": "MIT"
		}, {
			"id": "GPL-3.0-or-later"
		}]
	}, {
		"cpe": "cpe:2.3:a:this_dependency_definitely_does_not_have_a_vulnerability:this_dependency_definitely_does_not_have_a_vulnerability:2.2.4:~:~:~:~:~:~:~",
		"purl": "pkg:maven\/this_dependency_definitely_does_not_have_a_vulnerability\/this_dependency_definitely_does_not_have_a_vulnerability@2.2.4",
		"name": "",
		"version": "2.2.4",
		"bom-ref": "21894",
		"licenses": []
	}, {
		"cpe": "cpe:2.3:a:django:django:2.2.4:~:~:~:~:~:~:~",
		"purl": "pkg:maven\/django\/django@2.2.4",
		"name": "",
		"version": "2.2.4",
		"bom-ref": "21796",
		"licenses": []
	}, {
		"cpe": "cpe:2.3::symfony:symfony:4.4.7:~:~:~:~:~:~:~",
		"purl": "pkg:maven\/symfony\/symfony@4.4.7",
		"name": "symfony",
		"version": "4.4.7",
		"bom-ref": "22111",
		"licenses": [{
			"id": "MIT"
		}]
	}, {
		"cpe": "cpe:2.3::apache:thrift:0.12.0:~:~:~:~:~:~:~",
		"purl": "pkg:maven\/apache\/thrift@0.12.0",
		"name": "",
		"version": "0.12.0",
		"bom-ref": "21981",
		"licenses": []
	}, {
		"cpe": "cpe:2.3::org.apache.thrift:libthrift:0.12.0:~:~:~:~:~:~:~",
		"purl": "pkg:maven\/org.apache.thrift\/libthrift@0.12.0",
		"name": "",
		"version": "0.12.0",
		"bom-ref": "22037",
		"licenses": []
	}, {
		"cpe": "cpe:2.3::org.apache.httpcomponents:httpclient:4.5.6:~:~:~:~:~:~:~",
		"purl": "pkg:maven\/org.apache.httpcomponents\/httpclient@4.5.6",
		"name": "",
		"version": "4.5.6",
		"bom-ref": "22082",
		"licenses": []
	}, {
		"cpe": "cpe:2.3::debug:debug:2.6.4:~:~:~:~:~:~:~",
		"purl": "pkg:maven\/debug\/debug@2.6.4",
		"name": "debug",
		"version": "2.6.4",
		"bom-ref": "22163",
		"licenses": [{
			"id": "MIT"
		}]
	}, {
		"cpe": "cpe:2.3::depd:depd:1.1.2:~:~:~:~:~:~:~",
		"purl": "pkg:maven\/depd\/depd@1.1.2",
		"name": "",
		"version": "1.1.2",
		"bom-ref": "22168",
		"licenses": []
	}, {
		"cpe": "cpe:2.3::destroy:destroy:1.0.4:~:~:~:~:~:~:~",
		"purl": "pkg:maven\/destroy\/destroy@1.0.4",
		"name": "",
		"version": "1.0.4",
		"bom-ref": "22170",
		"licenses": []
	}, {
		"cpe": "cpe:2.3::ee-first:ee-first:1.1.1:~:~:~:~:~:~:~",
		"purl": "pkg:maven\/ee-first\/ee-first@1.1.1",
		"name": "",
		"version": "1.1.1",
		"bom-ref": "22172",
		"licenses": []
	}, {
		"cpe": "cpe:2.3::encodeurl:encodeurl:1.0.2:~:~:~:~:~:~:~",
		"purl": "pkg:maven\/encodeurl\/encodeurl@1.0.2",
		"name": "",
		"version": "1.0.2",
		"bom-ref": "22174",
		"licenses": []
	}, {
		"cpe": "cpe:2.3::escape-html:escape-html:1.0.3:~:~:~:~:~:~:~",
		"purl": "pkg:maven\/escape-html\/escape-html@1.0.3",
		"name": "",
		"version": "1.0.3",
		"bom-ref": "22176",
		"licenses": []
	}, {
		"cpe": "cpe:2.3::etag:etag:1.8.1:~:~:~:~:~:~:~",
		"purl": "pkg:maven\/etag\/etag@1.8.1",
		"name": "",
		"version": "1.8.1",
		"bom-ref": "22178",
		"licenses": []
	}, {
		"cpe": "cpe:2.3::fresh:fresh:0.5.0:~:~:~:~:~:~:~",
		"purl": "pkg:maven\/fresh\/fresh@0.5.0",
		"name": "",
		"version": "0.5.0",
		"bom-ref": "22180",
		"licenses": []
	}, {
		"cpe": "cpe:2.3::http-errors:http-errors:1.6.3:~:~:~:~:~:~:~",
		"purl": "pkg:maven\/http-errors\/http-errors@1.6.3",
		"name": "",
		"version": "1.6.3",
		"bom-ref": "22182",
		"licenses": []
	}, {
		"cpe": "cpe:2.3::inherits:inherits:2.0.3:~:~:~:~:~:~:~",
		"purl": "pkg:maven\/inherits\/inherits@2.0.3",
		"name": "",
		"version": "2.0.3",
		"bom-ref": "22184",
		"licenses": []
	}, {
		"cpe": "cpe:2.3::~:lodash:3.10.1:~:~:~:~:~:~:~",
		"purl": "pkg:maven\/~\/lodash@3.10.1",
		"name": "lodash",
		"version": "3.10.1",
		"bom-ref": "22191",
		"licenses": [{
			"id": "MIT"
		}]
	}, {
		"cpe": "cpe:2.3::~:lodash:4.17.21:~:~:~:~:~:~:~",
		"purl": "pkg:maven\/~\/lodash@4.17.21",
		"name": "lodash",
		"version": "4.17.21",
		"bom-ref": "22194",
		"licenses": [{
			"id": "MIT"
		}]
	}, {
		"cpe": "cpe:2.3::~:mime:1.3.4:~:~:~:~:~:~:~",
		"purl": "pkg:maven\/~\/mime@1.3.4",
		"name": "",
		"version": "1.3.4",
		"bom-ref": "21021",
		"licenses": []
	}, {
		"cpe": "cpe:2.3::ms:ms:0.7.3:~:~:~:~:~:~:~",
		"purl": "pkg:maven\/ms\/ms@0.7.3",
		"name": "",
		"version": "0.7.3",
		"bom-ref": "22196",
		"licenses": []
	}, {
		"cpe": "cpe:2.3::ms:ms:1.0.0:~:~:~:~:~:~:~",
		"purl": "pkg:maven\/ms\/ms@1.0.0",
		"name": "",
		"version": "1.0.0",
		"bom-ref": "22197",
		"licenses": []
	}, {
		"cpe": "cpe:2.3::~:on-finished:2.3.0:~:~:~:~:~:~:~",
		"purl": "pkg:maven\/~\/on-finished@2.3.0",
		"name": "",
		"version": "2.3.0",
		"bom-ref": "22201",
		"licenses": []
	}, {
		"cpe": "cpe:2.3::parseurl:parseurl:1.3.3:~:~:~:~:~:~:~",
		"purl": "pkg:maven\/parseurl\/parseurl@1.3.3",
		"name": "",
		"version": "1.3.3",
		"bom-ref": "22203",
		"licenses": []
	}, {
		"cpe": "cpe:2.3::range-parser:range-parser:1.2.1:~:~:~:~:~:~:~",
		"purl": "pkg:maven\/range-parser\/range-parser@1.2.1",
		"name": "",
		"version": "1.2.1",
		"bom-ref": "22205",
		"licenses": [{
			"id": "MIT"
		}]
	}, {
		"cpe": "cpe:2.3::~:send:0.15.2:~:~:~:~:~:~:~",
		"purl": "pkg:maven\/~\/send@0.15.2",
		"name": "",
		"version": "0.15.2",
		"bom-ref": "22209",
		"licenses": []
	}, {
		"cpe": "cpe:2.3::~:serve-static:1.12.2:~:~:~:~:~:~:~",
		"purl": "pkg:maven\/~\/serve-static@1.12.2",
		"name": "",
		"version": "1.12.2",
		"bom-ref": "22211",
		"licenses": []
	}, {
		"cpe": "cpe:2.3::setprototypeof:setprototypeof:1.1.0:~:~:~:~:~:~:~",
		"purl": "pkg:maven\/setprototypeof\/setprototypeof@1.1.0",
		"name": "",
		"version": "1.1.0",
		"bom-ref": "22226",
		"licenses": []
	}, {
		"cpe": "cpe:2.3::statuses:statuses:1.3.1:~:~:~:~:~:~:~",
		"purl": "pkg:maven\/statuses\/statuses@1.3.1",
		"name": "",
		"version": "1.3.1",
		"bom-ref": "22228",
		"licenses": []
	}, {
		"cpe": "cpe:2.3::statuses:statuses:1.5.0:~:~:~:~:~:~:~",
		"purl": "pkg:maven\/statuses\/statuses@1.5.0",
		"name": "",
		"version": "1.5.0",
		"bom-ref": "22229",
		"licenses": []
	}, {
		"cpe": "cpe:2.3::~:minimatch:3.0.1:~:~:~:~:~:~:~",
		"purl": "pkg:maven\/~\/minimatch@3.0.1",
		"name": "",
		"version": "3.0.1",
		"bom-ref": "21568",
		"licenses": []
	}, {
		"cpe": "cpe:2.3::~:benchmark:2.0.0:~:~:~:~:~:~:~",
		"purl": "pkg:maven\/~\/benchmark@2.0.0",
		"name": "",
		"version": "2.0.0",
		"bom-ref": "22246",
		"licenses": []
	}, {
		"cpe": "cpe:2.3::~:docdown:0.2.0:~:~:~:~:~:~:~",
		"purl": "pkg:maven\/~\/docdown@0.2.0",
		"name": "",
		"version": "0.2.0",
		"bom-ref": "22249",
		"licenses": []
	}, {
		"cpe": "cpe:2.3::~:serialize-javascript:1.9.1:~:~:~:~:~:~:~",
		"purl": "pkg:maven\/~\/serialize-javascript@1.9.1",
		"name": "",
		"version": "1.9.1",
		"bom-ref": "22224",
		"licenses": []
	}, {
		"cpe": "cpe:2.3::~:copy-webpack-plugin:4.4.1:~:~:~:~:~:~:~",
		"purl": "pkg:maven\/~\/copy-webpack-plugin@4.4.1",
		"name": "",
		"version": "4.4.1",
		"bom-ref": "22219",
		"licenses": []
	}, {
		"cpe": "cpe:2.3:a:org.apache.logging.log4j:log4j-core:2.13.1:~:~:~:~:~:~:~",
		"purl": "pkg:maven\/org.apache.logging.log4j\/log4j-core@2.13.1",
		"name": "",
		"version": "2.13.1",
		"bom-ref": "22351",
		"licenses": []
	}],
	"vulnerabilities": [{
		"id": "CVE-2018-14634",
		"bom-ref": "CVE-2018-14634",
		"ratings": [{
			"score": 7.8,
			"severity": "high",
			"method": "CVSSv3"
		}, {
			"score": 7.2,
			"severity": "high",
			"method": "CVSSv2"
		}],
		"cwes": [],
		"affects": [{
			"ref": "21825"
		}, {
			"ref": "21826"
		}, {
			"ref": "21828"
		}]
	}, {
		"id": "debricked-cve-1",
		"bom-ref": "debricked-cve-1",
		"source": {
			"url": "https:\/\/www.vuln-source.com",
			"name": "debricked"
		},
		"ratings": [],
		"cwes": [],
		"description": "Lorem Ipsum",
		"affects": [{
			"ref": "21417"
		}]
	}, {
		"id": "debricked-cve-4",
		"bom-ref": "debricked-cve-4",
		"ratings": [],
		"cwes": [],
		"affects": [{
			"ref": "21417"
		}]
	}, {
		"id": "debricked-cve-5",
		"bom-ref": "debricked-cve-5",
		"ratings": [{
			"score": 10.0,
			"severity": "critical",
			"method": "CVSSv3"
		}],
		"cwes": [],
		"affects": [{
			"ref": "21417"
		}]
	}, {
		"id": "debricked-cve-6",
		"bom-ref": "debricked-cve-6",
		"ratings": [],
		"cwes": [],
		"affects": [{
			"ref": "21417"
		}]
	}]
}