{
  "bomFormat": "CycloneDX",
  "specVersion": "1.4",
  "version": 1,
  "metadata" : {
    "timestamp" : "2022-01-11T02:55:27Z",
    "tools" : [
      {
        "vendor" : "CycloneDX",
        "name" : "CycloneDX Maven plugin",
        "version" : "2.5.3",
        "hashes" : [
          {
            "alg" : "MD5",
            "content" : "4f7d894200ad695fc9f0aad66d7da40a"
          },
          {
            "alg" : "SHA-1",
            "content" : "c044d9b726650cbea3adeb5cc1715c67d8356c0a"
          },
          {
            "alg" : "SHA-256",
            "content" : "b9a385e430e1f5efd9b835a084c195dde4d5e1bc79e469a8187ec58275c15313"
          },
          {
            "alg" : "SHA-384",
            "content" : "d96f68ef4b8830d70dc2eb5f2de5211d96b70dd1169da641f34474265c06a5321b63d2c80fe2d82d74c767391225e480"
          },
          {
            "alg" : "SHA-512",
            "content" : "1d7d1129cdc8604772b3c454d8dff98d936f85af705c95705e3263a038c0bb58fdd58c0b90efa3f56b4ce8ef9c84d3154b74b8451e0470f856f4d688489704b0"
          },
          {
            "alg" : "SHA3-256",
            "content" : "44231962fe0c1e5501ca38ad3320f9223ea5e8d62aa8aad170577818801ce349"
          },
          {
            "alg" : "SHA3-384",
            "content" : "99659ce3e58d8416f9e28d6b87c800442a79c4a5703fb657f6a9da87495d1d9d3b9788e06a3d6ea0e1b659a4681a4c92"
          },
          {
            "alg" : "SHA3-512",
            "content" : "8d5c3f0ee5a53cc714c4d829ccc07688f951a6b6655ad1e6435b8ab1c281bc38a78073b329bdaaf4887114b6843723ac8b5176a5f954581960a43662c688a95a"
          }
        ]
      }
    ],
    "component" : {
      "group" : "com.example",
      "name" : "example-app",
      "version" : "1.0.0",
      "licenses" : [
        {
          "license" : {
            "id" : "Apache-2.0",
            "url" : "http://www.apache.org/licenses/LICENSE-2.0"
          }
        }
      ],
      "purl" : "pkg:maven/com.example/example-app@1.0.0?type=jar",
      "type" : "library",
      "bom-ref" : "pkg:maven/com.example/example-app@1.0.0?type=jar"
    }
  },
  "components" : [
    {
      "publisher" : "FasterXML",
      "group" : "com.fasterxml.jackson.core",
      "name" : "jackson-databind",
      "version" : "2.10.0",
      "description" : "General data-binding functionality for Jackson: works on core streaming API",
      "scope" : "optional",
      "hashes" : [
        {
          "alg" : "MD5",
          "content" : "195bfa368ad502b05427d9fb0346735d"
        },
        {
          "alg" : "SHA-1",
          "content" : "1127c9cf62f2bb3121a3a2a0a1351d251a602117"
        },
        {
          "alg" : "SHA-256",
          "content" : "8e6c566c67fc61a96c5dfc4a71d430f2565765778ec9a6ef216c5460a9911b60"
        },
        {
          "alg" : "SHA-384",
          "content" : "213c54b716a7bee01af296a6b965e8fcad42ef26dc3ef9a514b9f88e3b2e8547391a07a95696cd74510f3c948c6b4a63"
        },
        {
          "alg" : "SHA-512",
          "content" : "64851a5f6cb9805bade8376046b02050bd3bd377346e8339bc7d3eb4310417e80029f073e873da1ec1e21017e7480683bdf969c680b870153a5e16bcb75b7815"
        },
        {
          "alg" : "SHA3-256",
          "content" : "a9b13e669b7d488b319187b9c7ce11928a026412e12dc46e572ade0c7a334a0a"
        },
        {
          "alg" : "SHA3-384",
          "content" : "12d4eb511d20959451f13c2659286bb00c7ad6d78a4fb412295781d144a2317da15f7908ec4cb97635161389c6205368"
        },
        {
          "alg" : "SHA3-512",
          "content" : "7938f4bdea72a5b9e13c221568094829f3cd904bcbb6319e1f2869760420c9646c4c97b511e31be93dfbc2559fc46ed0844e12a4c610e31e095dcf34651b40bd"
        }
      ],
      "licenses" : [
        {
          "license" : {
            "id" : "Apache-2.0"
          }
        }
      ],
      "purl" : "pkg:maven/com.fasterxml.jackson.core/jackson-databind@2.10.0?type=jar",
      "externalReferences" : [
        {
          "type" : "vcs",
          "url" : "http://github.com/FasterXML/jackson-databind"
        },
        {
          "type" : "website",
          "url" : "http://fasterxml.com/"
        },
        {
          "type" : "distribution",
          "url" : "https://oss.sonatype.org/service/local/staging/deploy/maven2/"
        }
      ],
      "type" : "library",
      "bom-ref" : "pkg:maven/com.fasterxml.jackson.core/jackson-databind@2.10.0?type=jar"
    },
    {
      "publisher" : "FasterXML",
      "group" : "com.fasterxml.jackson.core",
      "name" : "jackson-annotations",
      "version" : "2.10.0",
      "description" : "Core annotations used for value types, used by Jackson data binding package.",
      "hashes" : [
        {
          "alg" : "MD5",
          "content" : "138ada7579397b2a88e41b132b0b46a3"
        },
        {
          "alg" : "SHA-1",
          "content" : "e01cfd93b80d6773b3f757c78e756c9755b47b81"
        },
        {
          "alg" : "SHA-256",
          "content" : "77a0846219774a8269bc1b38cc00294908d34e77f8a9da34d97673982f75853d"
        },
        {
          "alg" : "SHA-384",
          "content" : "08eb9a859d3ab5467c944d6a4755d8042d0d1f3926283be1be6dce111fd0d5dcb110436aea0023ea5961754957302ba3"
        },
        {
          "alg" : "SHA-512",
          "content" : "13e612f06bfa448926161f0a122ca8aba19581fae50da1e970bc6121bdc608b402f19cb47bf12d0c3cd386df3f2dec40c58bb1eab1a7f200a0c06c66d3714088"
        },
        {
          "alg" : "SHA3-256",
          "content" : "e798bce506db7b9390c989011dc0f4adf2e52ca55aec3fa81f096b2efc76b7e2"
        },
        {
          "alg" : "SHA3-384",
          "content" : "68abab9a270aaa1a68bddb664a74cda05df68d52344a8dc6dbc932e10064b639e4c4ffc878c93485af2480ef90077e10"
        },
        {
          "alg" : "SHA3-512",
          "content" : "6795dee9f4844bd342a014771b7764eba8cfc543b82c52f75e799e110b3b4c2b57736d47dd35ee00186a318b8940bc6d30c493dc2050dff4642457166502724e"
        }
      ],
      "licenses" : [
        {
          "license" : {
            "id" : "Apache-2.0"
          }
        }
      ],
      "purl" : "pkg:maven/com.fasterxml.jackson.core/jackson-annotations@2.10.0?type=jar",
      "externalReferences" : [
        {
          "type" : "vcs",
          "url" : "http://github.com/FasterXML/jackson-annotations"
        },
        {
          "type" : "website",
          "url" : "http://fasterxml.com/"
        },
        {
          "type" : "distribution",
          "url" : "https://oss.sonatype.org/service/local/staging/deploy/maven2/"
        }
      ],
      "type" : "library",
      "bom-ref" : "pkg:maven/com.fasterxml.jackson.core/jackson-annotations@2.10.0?type=jar"
    },
    {
      "publisher" : "FasterXML",
      "group" : "com.fasterxml.jackson.core",
      "name" : "jackson-core",
      "version" : "2.10.0",
      "description" : "Core Jackson processing abstractions (aka Streaming API), implementation for JSON",
      "hashes" : [
        {
          "alg" : "MD5",
          "content" : "b109d8d9d0519111d5756389fa5bfd87"
        },
        {
          "alg" : "SHA-1",
          "content" : "4e2c5fa04648ec9772c63e2101c53af6504e624e"
        },
        {
          "alg" : "SHA-256",
          "content" : "69e7695b1e40834fa1242fc328a4010607911ced3706ab79abc769d451197513"
        },
        {
          "alg" : "SHA-384",
          "content" : "2c167693126621f418e03cdf81e7c3ab084fc7bafff983e1b0c8fcd743eae58a5322577c1476b2ca6d0c0afa9046f606"
        },
        {
          "alg" : "SHA-512",
          "content" : "67ca07f54feff7dcc1c098ae307ddb4c80f1e074ee8400a56b598b2b7b334594a042eb1e1f4ec3bda229f0eeedab9bf0938b1687439a0ea80984fbc61f8f13dd"
        },
        {
          "alg" : "SHA3-256",
          "content" : "cef9b850571dcfbdebf73bad6d20ee759335810e8d34927e2228378287d8a62c"
        },
        {
          "alg" : "SHA3-384",
          "content" : "2fea8fa51b292cd6b61796eed54c2719beb45fab2310c2c07876e30fe9cfb2c94ddae4281ca4952d49ef20a3ecf795fd"
        },
        {
          "alg" : "SHA3-512",
          "content" : "be3791a60692fc78a7f8de546d7c4f76e937b75ee088dde1eefb69c3555c61ad7ba25cb38c1daf507af737452e195508cfa4f7ec74cc59cfcd25e22ccd3ca949"
        }
      ],
      "licenses" : [
        {
          "license" : {
            "id" : "Apache-2.0"
          }
        }
      ],
      "purl" : "pkg:maven/com.fasterxml.jackson.core/jackson-core@2.10.0?type=jar",
      "externalReferences" : [
        {
          "type" : "vcs",
          "url" : "http://github.com/FasterXML/jackson-core"
        },
        {
          "type" : "website",
          "url" : "http://fasterxml.com/"
        },
        {
          "type" : "distribution",
          "url" : "https://oss.sonatype.org/service/local/staging/deploy/maven2/"
        }
      ],
      "type" : "library",
      "bom-ref" : "pkg:maven/com.fasterxml.jackson.core/jackson-core@2.10.0?type=jar"
    }
  ],
  "vulnerabilities": [
    {
      "id": "CVE-2020-25649",
      "source": {
        "name": "NVD",
        "url": "https://nvd.nist.gov/vuln/detail/CVE-2020-25649"
      },
      "references": [
        {
          "id": "SNYK-JAVA-COMFASTERXMLJACKSONCORE-1048302",
          "source": {
            "name": "SNYK",
            "url": "https://security.snyk.io/vuln/SNYK-JAVA-COMFASTERXMLJACKSONCORE-1048302"
          }
        }
      ],
      "ratings": [
        {
          "source": {
            "name": "NVD",
            "url": "https://nvd.nist.gov/vuln-metrics/cvss/v3-calculator?vector=AV:N/AC:L/PR:N/UI:N/S:U/C:N/I:H/A:N&version=3.1"
          },
          "score": 7.5,
          "severity": "high",
          "method": "CVSSv31",
          "vector": "AV:N/AC:L/PR:N/UI:N/S:U/C:N/I:H/A:N"
        },
        {
          "source": {
            "name": "SNYK",
            "url": "https://security.snyk.io/vuln/SNYK-JAVA-COMFASTERXMLJACKSONCORE-1048302"
          },
          "score": 8.2,
          "severity": "high",
          "method": "CVSSv31",
          "vector": "AV:N/AC:L/PR:N/UI:N/S:U/C:N/I:H/A:N"
        },
        {
          "source": {
            "name": "Acme Inc",
            "url": "https://nvd.nist.gov/vuln-metrics/cvss/v3-calculator?vector=AV:N/AC:L/PR:N/UI:N/S:U/C:N/I:H/A:N/CR:X/IR:X/AR:X/MAV:X/MAC:X/MPR:X/MUI:X/MS:X/MC:N/MI:N/MA:N&version=3.1"
          },
          "score": 0.0,
          "severity": "none",
          "method": "CVSSv31",
          "vector": "AV:N/AC:L/PR:N/UI:N/S:U/C:N/I:H/A:N/CR:X/IR:X/AR:X/MAV:X/MAC:X/MPR:X/MUI:X/MS:X/MC:N/MI:N/MA:N"
        }
      ],
      "cwes": [
        611
      ],
      "description": "com.fasterxml.jackson.core:jackson-databind is a library which contains the general-purpose data-binding functionality and tree-model for Jackson Data Processor.\n\nAffected versions of this package are vulnerable to XML External Entity (XXE) Injection. A flaw was found in FasterXML Jackson Databind, where it does not have entity expansion secured properly in the DOMDeserializer class. The highest threat from this vulnerability is data integrity.",
      "detail": "XXE Injection is a type of attack against an application that parses XML input. XML is a markup language that defines a set of rules for encoding documents in a format that is both human-readable and machine-readable. By default, many XML processors allow specification of an external entity, a URI that is dereferenced and evaluated during XML processing. When an XML document is being parsed, the parser can make a request and include the content at the specified URI inside of the XML document.\n\nAttacks can include disclosing local files, which may contain sensitive data such as passwords or private user data, using file: schemes or relative paths in the system identifier.",
      "recommendation": "Upgrade com.fasterxml.jackson.core:jackson-databind to version 2.6.7.4, 2.9.10.7, 2.10.5.1 or higher.",
      "advisories": [
        {
          "title": "GitHub Commit",
          "url": "https://github.com/FasterXML/jackson-databind/commit/612f971b78c60202e9cd75a299050c8f2d724a59"
        },
        {
          "title": "GitHub Issue",
          "url": "https://github.com/FasterXML/jackson-databind/issues/2589"
        },
        {
          "title": "RedHat Bugzilla Bug",
          "url": "https://bugzilla.redhat.com/show_bug.cgi?id=1887664"
        }
      ],
      "created": "2020-12-03T00:00:00.000Z",
      "published": "2020-12-03T00:00:00.000Z",
      "updated": "2021-10-26T00:00:00.000Z",
      "credits": {
        "individuals": [
          {
            "name": "Bartosz Baranowski"
          }
        ]
      },
      "analysis": {
        "state": "not_affected",
        "justification": "code_not_reachable",
        "response": ["will_not_fix", "update"],
        "detail": "Automated dataflow analysis and manual code review indicates that the vulnerable code is not reachable, either directly or indirectly."
      },
      "affects": [
        {
          "ref": "pkg:maven/com.fasterxml.jackson.core/jackson-databind@2.10.0?type=jar"
        }
      ]
    }
  ]
}